Ref,Val,Package,PosX,PosY,Rot,Side
BT1,Lipo Cell,JST_PH_S2B-PH-SM4-TB_1x02-1MP_P2.00mm_Horizontal,184.614214,-102.614214,-90,top
BT3,Lipo Cell,JST_PH_S2B-PH-SM4-TB_1x02-1MP_P2.00mm_Horizontal,241.86413,-102.615,90,top
C1,8p,C_0402_1005Metric,201.139214,-130.799214,45,top
C2,8p,C_0402_1005Metric,203.214214,-136.414214,-135,top
C3,8p,C_0402_1005Metric,192.639214,-126.009214,45,top
C4,8p,C_0402_1005Metric,188.618625,-128.328625,135,top
C5,100n,C_0402_1005Metric,193.349214,-126.689214,45,top
C6,4u7,C_0805_2012Metric,185.919214,-132.739214,135,top
C8,1u,C_0603_1608Metric,199.014214,-132.214214,45,top
C9,100p,C_0402_1005Metric,199.814214,-136.084214,-45,top
C10,4u7,C_0805_2012Metric,186.759214,-137.369214,-135,top
C11,100n,C_0402_1005Metric,192.074214,-140.844214,-45,top
C13,100n,C_0402_1005Metric,189.464214,-138.824214,-135,top
C14,47n,C_0402_1005Metric,196.309214,-129.919214,-135,top
C15,1u,C_0603_1608Metric,195.559214,-128.789214,45,top
C16,100n,C_0402_1005Metric,188.014214,-132.414214,135,top
C17,4u7,C_0805_2012Metric,185.314214,-135.914214,-135,top
C18,0.5pF,C_0402_1005Metric,199.914214,-139.714214,45,top
C19,0.8pF,C_0402_1005Metric,197.714214,-137.514214,45,top
C20,1u,C_0603_1608Metric,195.966206,-105.966206,-45,top
C22,4u7,C_0805_2012Metric,190.814214,-102.564213,-90,top
C24,1u,C_0603_1608Metric,200.864214,-125.064214,135,top
C25,4u7,C_0805_2012Metric,195.014214,-109.614214,45,top
C26,100n,C_0402_1005Metric,183.975,-111.705,90,top
C32,0.5pF,C_0402_1005Metric,228.565,-141.465,-45,top
C33,8p,C_0402_1005Metric,232.265,-143.815,135,top
C34,8p,C_0402_1005Metric,238.065,-142.115,-45,top
C35,0.8pF,C_0402_1005Metric,230.665,-139.365,-45,top
C36,8p,C_0402_1005Metric,241.415,-132.765,135,top
C37,8p,C_0402_1005Metric,240.09,-131.39,-45,top
C38,100n,C_0402_1005Metric,242.404411,-134.554411,-45,top
C40,100p,C_0402_1005Metric,231.865,-141.265,-135,top
C42,47n,C_0402_1005Metric,238.79,-137.04,135,top
C43,1u,C_0603_1608Metric,240.115,-136.54,-45,top
C45,4u7,C_0805_2012Metric,233.065,-126.765,135,top
C46,1u,C_0603_1608Metric,223.105,-118.015,0,top
C47,4u7,C_0805_2012Metric,235.59,-128.415,45,top
C48,1u,C_0603_1608Metric,236.615,-140.065,-45,top
C49,100n,C_0402_1005Metric,236.165,-129.965,45,top
C50,100n,C_0402_1005Metric,229.205,-131.315,135,top
C51,100n,C_0402_1005Metric,227.365,-133.765,-135,top
C52,4u7,C_0805_2012Metric,231.315,-127.965,135,top
C53,1u,C_0603_1608Metric,232.605,-103.915,90,top
C54,4u7,C_0805_2012Metric,228.255,-111.315,90,top
C55,4u7,C_0805_2012Metric,235.235,-102.515,90,top
C56,100n,C_0402_1005Metric,245.1075,-108.565,90,top
D1,1N4148W,D_SOD-123,165.514214,-115.514214,90,top
D2,1N4148W,D_SOD-123,146.014214,-115.514214,90,top
D3,1N4148W,D_SOD-123,127.014214,-112.614214,90,top
D4,1N4148W,D_SOD-123,108.014214,-113.114214,90,top
D5,1N4148W,D_SOD-123,89.014214,-115.714214,90,top
D6,1N4148W,D_SOD-123,70.014214,-115.864214,90,top
D7,1N4148W,D_SOD-123,165.014214,-134.664214,90,top
D8,1N4148W,D_SOD-123,146.014214,-134.664214,90,top
D9,1N4148W,D_SOD-123,127.014214,-131.464214,90,top
D10,1N4148W,D_SOD-123,108.014214,-131.964214,90,top
D11,1N4148W,D_SOD-123,89.014214,-134.714214,90,top
D12,1N4148W,D_SOD-123,69.514214,-134.714214,90,top
D13,1N4148W,D_SOD-123,165.014214,-153.664214,90,top
D14,1N4148W,D_SOD-123,146.014214,-153.664214,90,top
D15,1N4148W,D_SOD-123,127.014214,-150.614214,90,top
D16,1N4148W,D_SOD-123,108.014214,-151.114214,90,top
D17,1N4148W,D_SOD-123,89.014214,-153.864214,90,top
D18,1N4148W,D_SOD-123,69.514214,-153.864214,90,top
D19,1N4148W,D_SOD-123,186.277122,-181.166803,65,top
D20,1N4148W,D_SOD-123,166.53416,-175.155422,75,top
D21,1N4148W,D_SOD-123,146.014214,-174.664214,90,top
D43,1N4148W,D_SOD-123,252.8125,-117.645,180,top
D44,1N4148W,D_SOD-123,267.265,-115.465,90,top
D45,1N4148W,D_SOD-123,286.065,-112.615,90,top
D46,1N4148W,D_SOD-123,305.065,-112.665,90,top
D47,1N4148W,D_SOD-123,324.065,-115.265,90,top
D48,1N4148W,D_SOD-123,342.865,-115.865,90,top
D49,1N4148W,D_SOD-123,253.365,-136.725,180,top
D50,1N4148W,D_SOD-123,266.665,-134.665,90,top
D51,1N4148W,D_SOD-123,285.465,-131.465,90,top
D52,1N4148W,D_SOD-123,304.665,-132.065,90,top
D53,1N4148W,D_SOD-123,323.865,-134.715,90,top
D54,1N4148W,D_SOD-123,342.665,-134.665,90,top
D55,1N4148W,D_SOD-123,248.405,-153.365,90,top
D56,1N4148W,D_SOD-123,267.265,-153.465,90,top
D57,1N4148W,D_SOD-123,286.065,-150.865,90,top
D58,1N4148W,D_SOD-123,305.265,-151.265,90,top
D59,1N4148W,D_SOD-123,324.065,-153.665,90,top
D60,1N4148W,D_SOD-123,342.865,-153.865,90,top
D61,1N4148W,D_SOD-123,227.865,-186.865,115,top
D62,1N4148W,D_SOD-123,246.465,-178.865,105,top
D63,1N4148W,D_SOD-123,266.865,-174.665,90,top
J3,USB C 2.0 Connector,TYPE-C-31-M-13C,201.55035,-99.165214,180,top
J4,Conn_01x01_Socket,TE_2199248-6,195.965,-118.965,180,top
J5,Conn_01x01_Socket,TE_2199248-6,195.115,-122.595,90,top
J8,Conn_01x01_Socket,TE_2199248-6,230.46413,-118.915,0,top
J9,Conn_01x01_Socket,TE_2199248-6,231.41413,-122.565,90,top
J11,USB C 2.0 Connector,TYPE-C-31-M-13C,224.91413,-99.14,180,top
L1,10uH,L_0603_1608Metric,194.639214,-127.169214,45,top
L2,15nH,L_0402_1005Metric,196.439214,-126.099214,-45,top
L3,10uH,L_0603_1608Metric,184.214214,-133.514214,135,top
L4,4.7nH,L_0402_1005Metric,229.265,-140.065,45,top
L5,4.7nH,L_0402_1005Metric,198.457161,-138.957161,135,top
L6,10uH,L_0603_1608Metric,241.695,-135.805,-45,top
L7,10uH,L_0603_1608Metric,234.465,-125.515,135,top
L8,15nH,L_0402_1005Metric,242.965,-137.365,-135,top
Q1,BSS84,SOT-23,185.414214,-109.214214,0,top
Q2,BSS138,SOT-23,193.014214,-114.214214,135,top
Q5,BSS84,SOT-23,241.255,-109.065,180,top
Q6,BSS138,SOT-23,233.911551,-113.871551,135,top
R1,100k,R_0603_1608Metric,187.614214,-111.414214,45,top
R2,5k1,R_0402_1005Metric,203.414214,-105.814214,0,top
R3,5k1,R_0402_1005Metric,199.214214,-105.814214,0,top
R4,10k,R_0402_1005Metric,182.809214,-110.659214,-90,top
R5,3k2,R_0402_1005Metric,194.814214,-107.614214,-135,top
R6,10k,R_0402_1005Metric,182.799214,-112.759214,-90,top
R7,5k9,R_0402_1005Metric,192.614214,-105.414214,135,top
R8,10k,R_0402_1005Metric,204.514214,-119.764214,0,top
R9,10k,R_0402_1005Metric,204.014214,-118.514214,0,top
R10,2k2,R_0402_1005Metric,204.964214,-124.864214,-135,top
R11,2k2,R_0402_1005Metric,204.708579,-126.908579,45,top
R21,2k2,R_0402_1005Metric,223.255,-126.065,45,top
R22,2k2,R_0402_1005Metric,220.655,-119.615,-90,top
R23,100k,R_0603_1608Metric,240.955,-111.665,0,top
R24,5k1,R_0402_1005Metric,226.865,-105.865,0,top
R25,5k1,R_0402_1005Metric,222.665,-105.865,0,top
R26,10k,R_0402_1005Metric,243.955,-108.565,-90,top
R27,3k2,R_0402_1005Metric,234.465,-110.665,135,top
R28,10k,R_0402_1005Metric,246.305,-108.565,90,top
R29,5k9,R_0402_1005Metric,237.865,-109.265,45,top
R30,10k,R_0402_1005Metric,230.805,-109.215,-135,top
R31,10k,R_0402_1005Metric,231.655,-110.015,-135,top
SW1,RESET,SW_Push_SPST_NO_Alps_SKRK,139.414214,-160.514214,0,top
SW2,SW_Push,keyswitch_choc12_hotswap_1u,172.014214,-108.014214,0,top
SW3,SW_Push,keyswitch_choc12_hotswap_1u,152.964214,-108.014214,0,top
SW4,SW_Push,keyswitch_choc12_hotswap_1u,133.914214,-104.964214,0,top
SW5,SW_Push,keyswitch_choc12_hotswap_1u,114.864214,-105.464214,0,top
SW6,SW_Push,keyswitch_choc12_hotswap_1u,95.814214,-108.214214,0,top
SW7,SW_Push,keyswitch_choc12_hotswap_1u,76.764214,-108.214214,0,top
SW8,SW_Push,keyswitch_choc12_hotswap_1u,172.014214,-127.064214,0,top
SW9,SW_Push,keyswitch_choc12_hotswap_1u,152.964214,-127.064214,0,top
SW10,SW_Push,keyswitch_choc12_hotswap_1u,133.914214,-123.994214,0,top
SW11,SW_Push,keyswitch_choc12_hotswap_1u,114.864214,-124.514214,0,top
SW12,SW_Push,keyswitch_choc12_hotswap_1u,95.814214,-127.264214,0,top
SW13,SW_Push,keyswitch_choc12_hotswap_1u,76.764214,-127.264214,0,top
SW14,SW_Push,keyswitch_choc12_hotswap_1u,172.014214,-146.114214,0,top
SW15,SW_Push,keyswitch_choc12_hotswap_1u,152.964214,-146.114214,0,top
SW16,SW_Push,keyswitch_choc12_hotswap_1u,133.914214,-143.064214,0,top
SW17,SW_Push,keyswitch_choc12_hotswap_1u,114.864214,-143.564214,0,top
SW18,SW_Push,keyswitch_choc12_hotswap_1u,95.814214,-146.314214,0,top
SW19,SW_Push,keyswitch_choc12_hotswap_1u,76.764214,-146.314214,0,top
SW20,SW_Push,keyswitch_choc12_hotswap_1u,195.790913,-177.327822,-25,top
SW21,SW_Push,keyswitch_choc12_hotswap_1u,175.275606,-169.577822,-15,top
SW22,SW_Push,keyswitch_choc12_hotswap_1u,153.014214,-167.014214,0,top
SW23,EC11 Encoder,RotaryEncoder_Alps_EC11E-Switch_Vertical_H20mm_MountingHoles,186.939214,-152.589214,0,top
SW24,ON/OFF,SW_SPDT_CK_JS102011SAQN,207.814214,-113.414214,90,top
SW46,RESET,SW_Push_SPST_NO_Alps_SKRK,225.555,-127.415,-135,top
SW47,ON/OFF,SW_SPDT_CK_JS102011SAQN,218.66413,-113.415,-90,top
SW48,EC11 Encoder,RotaryEncoder_Alps_EC11E-Switch_Vertical_H20mm_MountingHoles,224.539916,-152.589214,0,top
SW49,SW_Push,keyswitch_choc12_hotswap_1u,254.45413,-108.025,0,top
SW50,SW_Push,keyswitch_choc12_hotswap_1u,273.50413,-108.025,0,top
SW51,SW_Push,keyswitch_choc12_hotswap_1u,292.56413,-104.965,0,top
SW52,SW_Push,keyswitch_choc12_hotswap_1u,311.61413,-105.465,0,top
SW53,SW_Push,keyswitch_choc12_hotswap_1u,330.66413,-108.215,0,top
SW54,SW_Push,keyswitch_choc12_hotswap_1u,349.71413,-108.215,0,top
SW55,SW_Push,keyswitch_choc12_hotswap_1u,254.46413,-127.065,0,top
SW56,SW_Push,keyswitch_choc12_hotswap_1u,273.51413,-127.065,0,top
SW57,SW_Push,keyswitch_choc12_hotswap_1u,292.56413,-124.015,0,top
SW58,SW_Push,keyswitch_choc12_hotswap_1u,311.61413,-124.515,0,top
SW59,SW_Push,keyswitch_choc12_hotswap_1u,330.66413,-127.265,0,top
SW60,SW_Push,keyswitch_choc12_hotswap_1u,349.71413,-127.265,0,top
SW61,SW_Push,keyswitch_choc12_hotswap_1u,254.46413,-146.115,0,top
SW62,SW_Push,keyswitch_choc12_hotswap_1u,273.51413,-146.115,0,top
SW63,SW_Push,keyswitch_choc12_hotswap_1u,292.56413,-143.065,0,top
SW64,SW_Push,keyswitch_choc12_hotswap_1u,311.61413,-143.565,0,top
SW65,SW_Push,keyswitch_choc12_hotswap_1u,330.66413,-146.315,0,top
SW66,SW_Push,keyswitch_choc12_hotswap_1u,349.71413,-146.315,0,top
SW67,SW_Push,keyswitch_choc12_hotswap_1u,230.66413,-177.315,25,top
SW68,SW_Push,keyswitch_choc12_hotswap_1u,251.21413,-169.588505,15,top
SW69,SW_Push,keyswitch_choc12_hotswap_1u,273.46413,-167.015,0,top
TH1,10k,R_0402_1005Metric,162.014214,-116.614214,-90,top
TH3,10k,R_0402_1005Metric,264.46413,-116.615,-90,top
U1,nRF52840,Nordic_AQFN-73-1EP_7x7mm_P0.5mm,193.214214,-134.914214,-45,top
U2,BQ24073RGT,VQFN-16-1EP_3x3mm_P0.5mm_EP1.6x1.6mm,191.014214,-107.648529,-45,top
U3,USBLC6-2SC6,SOT-23-6,201.46285,-108.614214,-90,top
U4,DRV2605LDGS,VSSOP-10_3x3mm_P0.5mm,201.608579,-122.208579,135,top
U4,DRV2605LDGS,VSSOP-10_3x3mm_P0.5mm,224.655,-120.765,0,top
U7,nRF52840,Nordic_AQFN-73-1EP_7x7mm_P0.5mm,233.256771,-134.915,-135,top
U9,BQ24073RGT,VQFN-16-1EP_3x3mm_P0.5mm_EP1.6x1.6mm,235.407893,-107.704169,-135,top
U10,USBLC6-2SC6,SOT-23-6,225.00163,-108.865,-90,top
Y1,32MHz,Crystal_SMD_3225-4Pin_3.2x2.5mm,201.414214,-134.214214,135,top
Y2,32.768kHz,Crystal_SMD_3215-2Pin_3.2x1.5mm,191.139214,-128.809214,-135,top
Y3,32MHz,Crystal_SMD_3225-4Pin_3.2x2.5mm,234.615,-142.415,45,top
Y4,32.768kHz,Crystal_SMD_3215-2Pin_3.2x1.5mm,239.415,-133.065,135,top
